tumor	total_snvs	Signature_APOBEC_ml	Signature_3_ml	Signature_8_ml	Signature_17_ml	Signature_clock_ml	Signature_3_c	exp_sig3	Signature_3_l_rat	Signature_3_mva	pass_mva	pass_mva_strict	sigs_all	exps_all	pass_ml	categ
PD31028a	5	0.01182754	0.44644756	0.1762397	0.02464224	0.3408429621	0.2384366951	0	0	0.2145712006	FALSE	FALSE	Signature_8.Signature_1.Signature_5	1.54534005548579_0.583153406086104_3.53086055827681	FALSE	Signature_clock
PD31029a	2	0.2423796394	0.354012	0.0968966	0	0.306711799	0.09825011641	0	0	0.09665657524	FALSE	FALSE	Signature_1.Signature_13.Signature_18.Signature_17	1.41885477656333_0.0584518933676245_0.224390064071605_0.0961211542056163	FALSE	Signature_clock
PD31030a	3	0.03025577	0.6437882	0.09557082	0.06128205	0.1691030893	0.1590161088	1.870634123	0.513534097	0.2373619087	FALSE	FALSE	Signature_3.Signature_18	1.87063412325305_0.540937963099347	TRUE	Signature_clock
PD31031a	3	0.005620178	0.19850022	0.04641618	0.6908277	0.05863575	0.1071599234	0.3913437076	0.4854322499	0.1883675147	FALSE	FALSE	Signature_3.Signature_8.Signature_5.Signature_17	0.391343707628087_0.0472928256134238_1.01950779167845_0.472627763343622	FALSE	Signature_17
PD31033a	3	0.7159024287	0.264767524	0	0.012529742	0.006800289	0.2911267937	1.550524599	0.2791300887	0.1385562056	FALSE	FALSE	Signature_3.Signature_2.Signature_13	1.55052459918029_0.492704402641594_1.8768957683457	FALSE	Signature_APOBEC
PD31040a	27	1.01E-06	0.1351311409	0.7955381	0.01014293723	0.0591867776	0.364649557	0	0	0.3965006769	TRUE	FALSE	Signature_8.Signature_5.Signature_2.Signature_18.Signature_17	4.27460966066163_11.5926273730598_0.0418683769108321_6.34081345228929_4.79026915492686	FALSE	Signature_3_lc
PD31041a	7	0.03518958	0.49199029	0.07332471	0.2479211	0.1515743241	0.2640615453	2.722523005	0.4265811174	0.2642889472	FALSE	FALSE	Signature_3.Signature_5.Signature_2.Signature_18.Signature_17	2.72252300496195_2.23311400144711_1.13650671225811_0.470293991527982_0.243135004275291	FALSE	Signature_17
PD31042a	5	0.035917	0.7727257	0.05595012	0.07190515	0.06350203	0.2923682797	5.131992629	0.8099714987	0.637327048	TRUE	TRUE	Signature_3.Signature_1.Signature_2	5.13199262859263_0.51750813161619_0.2189736592959	TRUE	Signature_3_hc
PD31043a	5	0	0.34130849	0.2787673	0.29658229	0.0833419579	0.2366280852	0	0	0.2246018449	FALSE	FALSE	Signature_8.Signature_13.Signature_17	3.21169373826524_0.0684468497138443_2.67540793844115	FALSE	Signature_17
PD31044a	18	3.71E-05	0.9661951622	0.01178214	0.004444072	0.0175415467	0.3755835519	7.075699786	0.4242917687	0.9254398615	TRUE	TRUE	Signature_3.Signature_5.Signature_13.Signature_18	7.0756997862288_6.95581806192317_0.956098860764414_1.23685209985344	TRUE	Signature_3_hc
PD31046a	1	0.09365496	0.20892219	0.1198798	0.05739569	0.5201473473	0.03240580568	0	0	0.09255345928	FALSE	FALSE	Signature_1	1.636123312	FALSE	Signature_clock
PD31047a	5	0.01706314	0.258942706	0.1734518	0.21546678	0.3350754942	0.1912633904	0	0	0.1047252999	FALSE	FALSE	Signature_1.Signature_5.Signature_17	0.791867116356371_4.46491590517474_0.137279289546554	FALSE	Signature_clock
PD31049a	5	0.0941574551	0.87983845	0.005304412	0.0105362	0.01016358	0.2366408427	0.7631177055	0.6293795348	0.5709284575	TRUE	FALSE	Signature_3.Signature_13.Signature_18	0.763117705510092_2.75236412868447_1.17752239416219	TRUE	Signature_3_lc
PD31051a	6	0.4052344675	0.19214235	0.08094531	0.02331143	0.2983664888	0.2461922198	1.005162686	0.4811374544	0.102007969	FALSE	FALSE	Signature_3.Signature_8.Signature_1.Signature_2.Signature_18	1.00516268590504_1.63674867783124_0.933584316364594_1.25912831469921_2.16535886841338	FALSE	Signature_APOBEC
PD31053a	4	0	0.47194022	0.147064	0.25127944	0.1297163752	0.2193159526	2.425648186	0.5181442147	0.298927074	FALSE	FALSE	Signature_3.Signature_8.Signature_17	2.42564818570984_1.41541950036283_0.101122619217222	FALSE	Signature_17
PD31056a	5	0.02374466	0.40662623	0.09838606	0.4179577	0.05328544	0.1928147734	0.563488304	0.9617059945	0.2600887964	FALSE	FALSE	Signature_3.Signature_2.Signature_17	0.563488304014526_1.6043194670998_2.81165766471615	FALSE	Signature_17
PD31058a	4	0.01715756	0.30142191	0.1508571	0.09900691	0.4315565578	0.1876598942	0	0	0.1126123981	FALSE	FALSE	Signature_8.Signature_1	4.32571673375837_0.901073179621385	FALSE	Signature_clock
PD31059a	10	0.003879751	0.76082823	0.03169365	0.17615166	0.0274466997	0.2771100472	3.845163126	0.8574388165	0.7984403911	TRUE	TRUE	Signature_3.Signature_8.Signature_2.Signature_18.Signature_17	3.84516312615716_0.79037619348088_2.03153944374973_1.27330367397415_0.410071580574556	TRUE	Signature_3_hc
PD31061a	5	0.007710261	0.60182222	0.1133479	0.0363	0.240819752	0.2200278118	0.5659421712	0.6501010844	0.1956988746	FALSE	FALSE	Signature_3.Signature_18	0.56594217115985_3.99653088404352	TRUE	Signature_clock
PD31063a	4	0.0902069	0.42050062	0.08166311	0.101353	0.3062764019	0.1453197525	0	0	0.1171084188	FALSE	FALSE	Signature_8.Signature_5.Signature_2	0.112749067510371_2.2019877497666_0.858842106611016	FALSE	Signature_clock
PD31065a	1	0.07569298	0.37806613	0.1160301	0.0709648	0.359246102	0.07879521502	0.02359103364	0.498036246	0.1174891331	FALSE	FALSE	Signature_3.Signature_5	0.0235910336352837_0.79772692070579	FALSE	Signature_clock
PD31066a	11	0.07041802	0.24883543	0.1287307	0.01542961	0.536586192	0.2991824283	0	0	0.2189114276	FALSE	FALSE	Signature_8.Signature_5.Signature_2.Signature_18	2.47226993177161_5.77672768745525_2.35159102678151_2.07192073590908	FALSE	Signature_clock
PD31067a	4	0.4654495399	0.529830378	0	0.002686422	0.002033709	0.2632311287	0	0	0.1226273788	FALSE	FALSE	Signature_13.Signature_18	4.49663022971463_0.896548161783781	TRUE	Signature_APOBEC
PD31068a	5	0.03971737	0.7562404	0.04761517	0.09926179	0.05716519	0.2361615899	1.207108165	0.5304062657	0.5247222387	TRUE	FALSE	Signature_3.Signature_5.Signature_13.Signature_18.Signature_17	1.20710816483575_1.35806992887842_1.25835892911882_0.00987310782531726_0.857852521306374	TRUE	Signature_3_lc
PD31072a	4	0.5745381136	0.398344272	0	0.015046195	0.01207146	0.2806495647	1.257065148	0.3302606025	0.1829534439	FALSE	FALSE	Signature_3.Signature_2.Signature_13	1.25706514814649_1.30899941670207_2.01036070055636	FALSE	Signature_APOBEC
PD31074a	12	0.0001233331	0.835887446	0.04037987	0.12073306	0.0028763536	0.3708452546	8.86354865	0.9937215254	0.9194451316	TRUE	TRUE	Signature_3.Signature_2.Signature_17	8.86354865046285_1.15258044218314_3.18197614429941	TRUE	Signature_3_hc
PD31078a	4	0.3738545042	0.54652553	0.01933813	0.02447266	0.03580907	0.2377931508	0	0	0.2127068167	FALSE	FALSE	Signature_8.Signature_1.Signature_13	0.476443472576026_1.40387887555964_3.08571532435624	TRUE	Signature_APOBEC
PD31080a	1	0.06757123	0.38622706	0.08889468	0.13866255	0.3186444675	0.09548079675	0	0	0.1189708352	FALSE	FALSE	Signature_5	1.107041772	FALSE	Signature_clock
PD31081a	3	0.01173456	0.219713	0.07150958	0.5809066	0.1161362546	0.09928819508	0.8351629046	0.5061428533	0.1407194816	FALSE	FALSE	Signature_3.Signature_8.Signature_5.Signature_17	0.835162904606933_0.494312420579012_0.0948641852351894_0.17413796539035	FALSE	Signature_17
PD31082a	2	0	0.68402129	0.06787899	0.0556251	0.1924746035	0.1611653163	0	0.6531767524	0.4012601131	TRUE	FALSE	Signature_3	1.958039673	TRUE	Signature_3_lc
PD31086a	6	0.8021542579	0.178756926	0	0.004745959	0.01434283	0.2444626449	1.269598868	0.5597214915	0.09162786402	FALSE	FALSE	Signature_3.Signature_5.Signature_2	1.2695988680872_2.0117066510637_4.03150904000067	FALSE	Signature_APOBEC
PD31087a	6	0.05376469	0.75116223	0.04687242	0	0.1482006664	0.3828084712	5.725117794	0.7060229291	0.8411669245	TRUE	TRUE	Signature_3.Signature_1.Signature_13	5.72511779432928_1.38586878073098_1.14634333146096	TRUE	Signature_3_hc
PD31088a	6	0.8628474372	0.112489905	0	0.004392081	0.020270633	0.2432731186	0	0	0.07507351781	FALSE	FALSE	Signature_5.Signature_2.Signature_13	3.05063233203486_2.94293216985649_1.1884815973898	FALSE	Signature_APOBEC
PD31089a	1	0.4407234801	0.42869548	0	0.08877402	0.04180706	0.2369723041	0	0	0.1468036285	FALSE	FALSE	Signature_13	1.662955713	FALSE	Signature_APOBEC
PD31090a	2	0.3917788607	0.35219237	0.03842941	0.03839605	0.1792033395	0.1235558592	0	0	0.09327411443	FALSE	FALSE	Signature_1.Signature_13	1.53565548128313_1.3797812365581	FALSE	Signature_APOBEC
PD31092a	3	0.1050408	0.6459838	0.0652643	0.05591427	0.12779679	0.1883150434	0.4117969601	0.4845830168	0.2836273806	FALSE	FALSE	Signature_3.Signature_5.Signature_13	0.411796960072993_0.388911796253192_1.61219633186566	TRUE	Signature_clock
PD31093a	1	0.06359749	0.3532069	0.08986381	0.1897013	0.3036304596	0.05536273147	0	0	0.1164937215	FALSE	FALSE	Signature_5	0.8328076521	FALSE	Signature_clock
PD31094a	4	0.05595038	0.45722778	0.1083042	0.09666452	0.2818530781	0.1785594072	0.303033868	0.4975559965	0.1771752266	FALSE	FALSE	Signature_3.Signature_5.Signature_13.Signature_18	0.303033868047341_2.69377696879015_0.114586447493604_0.449251706951507	FALSE	Signature_clock
PD31097a	9	0.0009885479	0.594755456	0.1281739	0.1168201628	0.1592619818	0.3222656413	0.7603809566	0.4886656174	0.4587599825	TRUE	FALSE	Signature_3.Signature_8.Signature_5.Signature_18.Signature_17	0.760380956584044_2.73801977695116_5.43148053563662_0.415872765150682_0.368163025517261	TRUE	Signature_3_lc
PD31098a	4	0.02073293	0.56138073	0.1749759	0.02595477	0.2169557125	0.3284766412	3.179534824	0.7134729235	0.508658616	TRUE	FALSE	Signature_3.Signature_8	3.17953482392931_2.74018534863192	TRUE	Signature_3_lc
PD31099a	2	0.1195625165	0.7231046	0.07034056	0.04616814	0.04082422	0.1677597301	1.700691609	0.5395223843	0.4212898651	TRUE	FALSE	Signature_3.Signature_13	1.70069160929955_0.262606426399817	TRUE	Signature_3_lc
PD31104a	10	0.04178275	0.7727561	0.06447681	0.07662252	0.04436187	0.259051382	5.641670314	0.8020340057	0.5213204422	TRUE	FALSE	Signature_3.Signature_5.Signature_2.Signature_17	5.64167031417999_0.30118405186955_1.68073910944576_0.813607552115553	TRUE	Signature_3_lc
PD31105a	3	0.05666898	0.5779171	0.1090952	0.0467838	0.2095347619	0.2565629325	3.569594711	0.6324714156	0.3016407303	FALSE	FALSE	Signature_3.Signature_8.Signature_2	3.56959471118915_0.0360239084229821_0.287534244054718	TRUE	Signature_clock
PD31106a	5	0.01364703	0.328119763	0.1700742	0.079177173	0.4089817918	0.1844054272	1.147647272	0.7365046829	0.107311457	FALSE	FALSE	Signature_3.Signature_1.Signature_17	1.14764727237126_3.09308710179421_0.698666959869145	FALSE	Signature_clock
PD31107a	11	0.0002130462	0.830065091	0.07429286	0.03617822	0.0592507484	0.3546360051	5.114423777	0.3835269931	0.8258879719	TRUE	TRUE	Signature_3.Signature_8	5.11442377652139_6.52767295342971	TRUE	Signature_3_hc
PD31108a	4	0.02236811	0.45160745	0.08373992	0.13396413	0.3083204372	0.1323445708	0	0	0.1733473296	FALSE	FALSE	Signature_5	3.04873921	FALSE	Signature_clock
PD31109a	2	0.236252112	0.62052661	0.02970551	0.08152583	0.0319899	0.2872848627	1.514055405	0.6294236862	0.339105443	FALSE	FALSE	Signature_3.Signature_13	1.51405540518789_1.53785961167008	TRUE	Signature_APOBEC
PD31111a	1	0.08725199	0.37768209	0.1111442	0.06970403	0.3542178405	0.1573392902	0.4780225523	0.4872820985	0.134128881	FALSE	FALSE	Signature_3.Signature_5	0.478022552324982_1.06675190763606	FALSE	Signature_clock
PD31112a	9	0.0179487	0.37189414	0.04647204	0.55603	0.007655029	0.3417894834	0.5943193704	0.505996779	0.5697517928	TRUE	FALSE	Signature_3.Signature_8.Signature_1.Signature_13.Signature_17	0.59431937037956_2.37323590875402_0.530715230944853_3.4344890976431_3.29145749734081	FALSE	Signature_3_lc
PD31113a	2	0.0612686	0.3905043	0.1172413	0.04715657	0.3838292278	0.157801367	0.4036722184	0.4793388999	0.1260027441	FALSE	FALSE	Signature_3.Signature_5	0.403672218434587_1.84802083171978	FALSE	Signature_clock
PD31116a	2	0.0554035	0.30846872	0.1645504	0.07959411	0.3919832593	0.1151852498	0.3285690132	0.5784244608	0.1166694277	FALSE	FALSE	Signature_3.Signature_1.Signature_18.Signature_17	0.328569013244839_1.42161914697194_0.135407962566672_0.0978835604433233	FALSE	Signature_clock
PD31117a	3	0.0161691	0.38422744	0.1092343	0.34518833	0.145180799	0.08737430075	0.5613075619	0.4346272822	0.1636520832	FALSE	FALSE	Signature_3.Signature_8.Signature_5.Signature_17	0.561307561893438_0.266752030175487_0.310837037998812_0.354589178223046	FALSE	Signature_17
PD31120a	4	0.0222811	0.8631901	0.0208764	0.07960704	0.01404531	0.2157346315	0.6598723957	0.6996391841	0.6689023865	TRUE	TRUE	Signature_3.Signature_8.Signature_13	0.659872395701523_1.49898354447258_1.32194148721077	TRUE	Signature_3_hc
PD31121a	4	0.01088849	0.71589906	0.1331838	0.02592597	0.1141026762	0.3137943707	4.659187049	0.8548804578	0.6449095939	TRUE	TRUE	Signature_3.Signature_8	4.65918704930096_0.814324570211463	TRUE	Signature_3_hc
PD31122a	20	0.000335637	0.03229924929	0.0136059	0.001402331	0.9523569042	0.2645701368	0	0	0.09736389349	FALSE	FALSE	Signature_1.Signature_5.Signature_13	4.2088575657174_17.9942462842941_0.929177214254725	FALSE	Signature_clock
PD31123a	4	0.04942398	0.42991773	0.1711204	0.05448606	0.2950518001	0.2504124733	1.856376091	0.4715011403	0.1906792967	FALSE	FALSE	Signature_3.Signature_8.Signature_5.Signature_2.Signature_18	1.85637609088938_1.97785676330237_0.390020450390946_0.272946660533046_0.156514750996934	FALSE	Signature_clock
PD31124a	12	0.1774027186	0.82143817	0	0.0002587695	0.0009003248	0.3769618635	4.321555428	0.7141638692	0.6370474799	TRUE	TRUE	Signature_3.Signature_1.Signature_13.Signature_18	4.32155542759214_1.04681444584362_6.62643838327096_0.278355283384419	TRUE	Signature_3_hc
PD31125a	5	0.03967612	0.28046818	0.05027987	0.5098301	0.11974573	0.1450449519	0.6788047214	0.6007140162	0.1250290418	FALSE	FALSE	Signature_3.Signature_5.Signature_2	0.678804721447841_0.961856371347322_1.76003159598915	FALSE	Signature_17
PD31127a	16	7.96E-05	0.9087146349	0.05759187	0.00504731834	0.0285664702	0.436278572	9.561019008	0.8342515033	0.9314827873	TRUE	TRUE	Signature_3.Signature_1.Signature_5.Signature_2.Signature_18	9.56101900839892_0.0730686962549968_5.09314332722785_0.319539896472575_1.06439430451975	TRUE	Signature_3_hc
PD31128a	2	0.08328738	0.4966409	0.05926624	0.23036409	0.13044137	0.09119674369	0	0	0.1268651069	FALSE	FALSE	Signature_5.Signature_13.Signature_17	1.30470832531281_0.0671750276679718_0.184509166901408	FALSE	Signature_17
PD31129a	11	0.01252436	0.71646217	0.07133295	0.01102012	0.1886603642	0.4184000959	6.846954535	0.5600388904	0.8599824889	TRUE	TRUE	Signature_3.Signature_1.Signature_5.Signature_13	6.84695453510244_2.28888127879539_2.90686877427602_0.994369653949133	TRUE	Signature_3_hc
PD31130a	6	0.01922323	0.8321914	0.04022687	0.007072964	0.1012855979	0.2948367873	2.906540059	0.5481019754	0.6454463538	TRUE	TRUE	Signature_3.Signature_5.Signature_13	2.90654005893862_1.92830108471365_1.33729460483757	TRUE	Signature_3_hc
PD31134a	5	0.005228517	0.85155145	0.05509356	0.01911525	0.0690112102	0.2136428807	4.398819804	0.7432643438	0.6698007278	TRUE	TRUE	Signature_3.Signature_8	4.39881980371405_0.508297273762627	TRUE	Signature_3_hc
PD31135a	4	0.06823128	0.7068857	0.06739134	0.03477615	0.1227155025	0.2592707476	2.616993663	0.6820838089	0.4083140456	TRUE	FALSE	Signature_3.Signature_13	2.61699366292881_1.43005323551004	TRUE	Signature_3_lc
PD31136a	4	0.09519872	0.6872598	0.06494471	0.04962271	0.10297408	0.2091613875	0.536696373	0.5337267512	0.3911245196	TRUE	FALSE	Signature_3.Signature_5.Signature_13	0.536696373008671_1.63171577237242_1.33899764028354	TRUE	Signature_3_lc
PD31137a	3	0.02686148	0.61055056	0.06035878	0.04119704	0.2610320731	0.2118072218	0.9133136608	0.5067120265	0.2418773662	FALSE	FALSE	Signature_3.Signature_5	0.91331366079767_2.73305263663465	TRUE	Signature_clock
PD31139a	6	0.006376276	0.71384781	0.1302151	0.0288675	0.1206932336	0.2698308006	4.392010586	0.5316501032	0.5676718047	TRUE	FALSE	Signature_3.Signature_8	4.39201058601493_1.4300934143519	TRUE	Signature_3_lc
PD31140a	3	0.4166874301	0.15071052	0.08038296	0.06324022	0.288978855	0.08618201863	0	0	0.03414132364	FALSE	FALSE	Signature_8.Signature_1.Signature_2.Signature_17	0.0982264980211116_0.597274903404116_1.41841595305235_0.198911886513439	FALSE	Signature_APOBEC
PD31142a	1	0.4407234801	0.42869548	0	0.08877402	0.04180706	0.2369723041	0	0	0.1468036285	FALSE	FALSE	Signature_13	1.662955713	FALSE	Signature_APOBEC
PD31144a	25	2.42E-05	0.2753773254	0.007876791	0.0004096607	0.7163120814	0.3331609542	0	0	0.3116966813	FALSE	FALSE	Signature_5.Signature_2	26.8154561296156_0.513187159217884	FALSE	Signature_clock
PD31145a	10	0.0357637769	0.960404451	6.13E-05	0.0035892516	0.00018124	0.4009997488	4.910055186	0.8381620143	0.7577700216	TRUE	TRUE	Signature_3.Signature_13.Signature_17	4.9100551864779_6.19321378615849_0.0304644736159374	TRUE	Signature_3_hc
PD31146a	6	0.003203974	0.90610816	0.03355027	0.00498082	0.0521567735	0.2338082788	0	0.9340979325	0.7301413832	TRUE	TRUE	Signature_3	5.681196131	TRUE	Signature_3_hc
PD31147a	3	0.3481790461	0.49478933	0.02934592	0.03042772	0.09725793	0.2274437079	0	0	0.1879371275	FALSE	FALSE	Signature_5.Signature_13	2.32844892424514_1.36899244350676	FALSE	Signature_APOBEC
PD31148a	2	0.6211880792	0.3052562	0	0.04487876	0.02867694	0.1749954246	0	0	0.07685674591	FALSE	FALSE	Signature_5.Signature_2.Signature_13.Signature_17	0.84735503645638_0.0212019393193101_1.49104180767181_0.01079225270818	FALSE	Signature_APOBEC
PD31150a	9	0.1630897	0.59630084	0.02040355	0.1597708	0.06043501	0.2372412106	0	0	0.2632184584	FALSE	FALSE	Signature_1.Signature_5.Signature_2.Signature_13.Signature_17	0.630216561669973_3.17099955449242_0.810020765329889_3.1789867988057_0.963402111178381	TRUE	Signature_APOBEC
PD31151a	6	0.008108066	0.82065735	0.06466623	0.04805027	0.0585181066	0.2862104082	5.503598788	0.8250936579	0.7547624306	TRUE	TRUE	Signature_3.Signature_18	5.50359878842565_0.566791778473267	TRUE	Signature_3_hc
PD31152a	1	0.08725199	0.37768209	0.1111442	0.06970403	0.3542178405	0.1573392902	0.4780225523	0.4872820985	0.134128881	FALSE	FALSE	Signature_3.Signature_5	0.478022552324982_1.06675190763606	FALSE	Signature_clock
PD31155a	7	0.2578799811	0.62197895	0.03009253	0	0.09004863	0.3028680799	3.58632974	0.6567987701	0.3736203133	TRUE	FALSE	Signature_3.Signature_5.Signature_2.Signature_18	3.58632974010464_1.47031971669446_2.10899617130254_0.559043414633961	TRUE	Signature_3_lc
PD31156a	14	0.1907948982	0.7959520861	0.0001777597	0.012763173	0.0003121087	0.4070473291	4.740004643	0.3667308506	0.6479831762	TRUE	TRUE	Signature_3.Signature_5.Signature_13.Signature_17	4.74000464297285_1.19787303492136_6.76505702660575_2.88388681641299	TRUE	Signature_3_hc
PD31157a	1	0	0.4023199	0.08518358	0.3373537	0.1751427703	0.1280448376	0.8181701404	0.4742811914	0.157168956	FALSE	FALSE	Signature_3.Signature_17	0.818170140405746_0.409009546544472	FALSE	Signature_17
PD31158a	11	0.007162783	0.78915928	0.03937508	0.044850579	0.1194522782	0.3339036578	1.91655471	0.4748131205	0.7166594941	TRUE	TRUE	Signature_3.Signature_5.Signature_13.Signature_18	1.91655470983475_3.82837101688041_1.04022212977397_3.41176595905375	TRUE	Signature_3_hc
PD31159a	2	0.05653943	0.34616224	0.1002775	0.0526891	0.4443318523	0.1035074136	0	0	0.1306797808	FALSE	FALSE	Signature_5	2.275326167	FALSE	Signature_clock
PD31160a	4	0.3214063326	0.45106256	0	0.17752002	0.05001108	0.2168574238	0	0	0.1468391839	FALSE	FALSE	Signature_5.Signature_2.Signature_13.Signature_17	0.704013351088231_1.46567452298604_1.61315663774687_0.128911315977702	FALSE	Signature_APOBEC
PD31163a	5	0.01721841	0.7907756	0.0321699	0.12721396	0.03262215	0.1919133599	0	0	0.6523364214	TRUE	TRUE	Signature_8.Signature_13	2.51985024527476_1.34141974001758	TRUE	Signature_3_hc
PD31164a	2	0.2294900068	0.64423599	0.03852467	0.04155663	0.04619266	0.2448311013	0.947083189	0.7445999537	0.3069435627	FALSE	FALSE	Signature_3.Signature_13	0.947083188997191_1.57769455622716	TRUE	Signature_APOBEC
PD31165a	9	0.001286121	0.65569484	0.06780162	0.264142639	0.0110748158	0.2262060954	0	0	0.5746450589	TRUE	FALSE	Signature_8.Signature_1.Signature_13.Signature_17	5.24811685314052_0.358117204873886_1.20897384468917_0.622490673308535	TRUE	Signature_3_lc
PD31166a	3	0.1011572	0.19617851	0.120067	0.0397794	0.5428178829	0.1255262043	0	0	0.08201305533	FALSE	FALSE	Signature_1.Signature_5.Signature_2	1.25557784778314_2.03848135283151_0.214993706133395	FALSE	Signature_clock
PD31167a	3	0.1860265175	0.38568687	0.09079099	0.03911578	0.2983797442	0.2113160859	1.026162774	0.6255374637	0.1135600523	FALSE	FALSE	Signature_3.Signature_1.Signature_2.Signature_18.Signature_17	1.02616277385958_0.443284799671512_0.38277985872251_1.67780794017083_0.0291961906415492	FALSE	Signature_clock
PD31169a	3	0	0.49399685	0.07878411	0.2848159	0.1424031701	0.1420842092	1.55685869	0.5660752204	0.2725853301	FALSE	FALSE	Signature_3.Signature_8.Signature_17	1.55685868996625_0.595292458701067_0.0318895843155688	FALSE	Signature_17
PD31171a	6	0.00577586	0.71397313	0.1242854	0.01112998	0.1448356178	0.2652924575	3.557376097	0.5140106205	0.5248935483	TRUE	FALSE	Signature_3.Signature_8.Signature_5	3.55737609748913_1.14609324491967_1.21435166169548	TRUE	Signature_3_lc
PD31172a	8	0.8299074505	0.1698949993	0	6.80E-05	0.0001295582	0.3236028054	0	0	0.1181794034	FALSE	FALSE	Signature_5.Signature_2.Signature_13	2.01318117579667_0.273327268308998_7.09049022274893	FALSE	Signature_APOBEC
PD31173a	2	0.02762669	0.35291516	0.07099136	0.3526132	0.1958536726	0.1219557221	0.7035483505	0.4423524459	0.1538224326	FALSE	FALSE	Signature_3.Signature_5.Signature_17	0.703548350506589_0.628349227015046_0.382416903032852	FALSE	Signature_17
PD31174a	3	0.02899714	0.46910343	0.09237665	0.12186876	0.2876540125	0.08375826641	0	0	0.1491135025	FALSE	FALSE	Signature_8.Signature_5	0.115361727274502_1.85900406163941	FALSE	Signature_clock
PD31175a	3	0.01474516	0.3054995	0.06727367	0.49494455	0.1175371104	0.1704558932	1.29136134	0.5015631987	0.2061760198	FALSE	FALSE	Signature_3.Signature_8.Signature_17	1.29136133998526_1.1245770939325_0.339077737855868	FALSE	Signature_17
PD31176a	3	0.04401184	0.37778874	0.1502054	0.04003479	0.3879593053	0.2125191109	2.749889432	0.5208965155	0.1762736302	FALSE	FALSE	Signature_3.Signature_5	2.74988943152291_1.62705734884858	FALSE	Signature_clock
PD31177a	4	0.01746847	0.49540296	0.1282806	0.04146032	0.3173875195	0.1432691221	0.6357558134	0.5729091032	0.1594169001	FALSE	FALSE	Signature_3.Signature_8.Signature_1.Signature_5	0.635755813362901_0.337287552703891_1.38344924020319_0.814139932942192	FALSE	Signature_clock
PD31178a	5	0.008132906	0.80471461	0.04256248	0.12444029	0.020149821	0.3405162847	6.168029291	0.9166857806	0.8238873964	TRUE	TRUE	Signature_3.Signature_17	6.168029291229_0.541556316241867	TRUE	Signature_3_hc
PD31181a	2	0.2547731743	0.58661524	0	0.10265791	0.05595356	0.1760279499	0	0	0.2551278431	FALSE	FALSE	Signature_13	1.664320649	TRUE	Signature_APOBEC
PD35926a	10	0.0004539587	0.01536088	0.005075965	0.9785524	0.0005567941	0.275874304	1.137505868	0.6911024832	0.2481899257	FALSE	FALSE	Signature_3.Signature_2.Signature_13.Signature_17	1.13750586751482_1.09189856417815_1.83399422767612_4.61705630503686	FALSE	Signature_17
PD35928a	3	0.04326823	0.29998676	0.1098594	0.0337155	0.5131700585	0.1560813122	0	0	0.1073759924	FALSE	FALSE	Signature_8.Signature_1.Signature_5	1.06184061417518_1.34557130331704_0.779041121033442	FALSE	Signature_clock
PD35929a	4	0.02593897	0.83976006	0.02532083	0.04533083	0.06364942	0.2364487991	3.976675927	0.590616179	0.6088774454	TRUE	TRUE	Signature_3.Signature_13	3.97667592678622_0.0668488651349112	TRUE	Signature_3_hc
PD35930a	11	0.01278824	0.95968364	0.01064252	0.01349242	0.0033931672	0.4018019563	4.003070552	0.8040464951	0.9323555772	TRUE	TRUE	Signature_3.Signature_8.Signature_2.Signature_13	4.00307055209267_3.97329391129786_0.902355114297643_3.26275138325374	TRUE	Signature_3_hc
PD35931a	2	0.05247384	0.28203811	0.1528033	0.04111961	0.4715651391	0.08901902809	0	0	0.1022309177	FALSE	FALSE	Signature_1.Signature_18.Signature_17	1.42882135061838_0.247035280722974_0.0942405387075469	FALSE	Signature_clock
PD35932a	6	0	0.84322783	0.06238883	0.044437725	0.0499455899	0.2835642602	5.013301636	0.6538451452	0.7299009966	TRUE	TRUE	Signature_3.Signature_8	5.01330163595516_1.06058644249456	TRUE	Signature_3_hc
PD35933a	2	0.04105456	0.36752696	0.1072918	0.07765522	0.4064714567	0.1266811719	0	0	0.1180814087	FALSE	FALSE	Signature_5.Signature_18	0.0778844187857834_2.52983474556872	FALSE	Signature_clock
PD35934a	2	0.3084641328	0.5755324	0	0.05611031	0.05989318	0.1510960852	0	0	0.2045729011	FALSE	FALSE	Signature_5.Signature_13	0.594703090897281_1.41137477882399	TRUE	Signature_APOBEC
PD35935a	5	0.01126197	0.58145088	0.1236646	0.046251804	0.237370793	0.2094554751	2.582681674	0.5277458484	0.2577896013	FALSE	FALSE	Signature_3.Signature_5	2.58268167431502_1.75936327115701	TRUE	Signature_clock
PD35936a	2	0	0.28838783	0.1102242	0.5008811	0.1005070247	0.1580456232	0.1544122931	0.4769005961	0.2141180308	FALSE	FALSE	Signature_3.Signature_18.Signature_17	0.154412293057434_1.53769551001263_0.518423579401643	FALSE	Signature_17
PD35937a	1	0.05798053	0.44848963	0.1348989	0.0785848	0.2800461805	0.1582955338	0	0	0.1278951701	FALSE	FALSE	Signature_8	1.793993156	FALSE	Signature_clock
PD35938a	1	0.1717989301	0.39842734	0.09501676	0.06674584	0.2680111058	0.158683257	0.8089360345	0.4549313111	0.1183519142	FALSE	FALSE	Signature_3.Signature_13.Signature_18	0.808936034483552_0.00815088026825338_0.593695465761389	FALSE	Signature_clock
PD35939a	11	0.01931993	0.92274574	0.01344083	0.04057971	0.003913805	0.3698990806	5.635520392	0.9343082073	0.924973722	TRUE	TRUE	Signature_3.Signature_1.Signature_13.Signature_17	5.63552039212649_0.0583340593306135_2.96324205910191_2.870413872146	TRUE	Signature_3_hc
PD35940a	1	0.4407234801	0.42869548	0	0.08877402	0.04180706	0.2369723041	0	0	0.1468036285	FALSE	FALSE	Signature_13	1.662955713	FALSE	Signature_APOBEC
PD35941a	1	0.462947327	0.42212799	0	0.07939466	0.03553009	0.1182013362	0	0	0.1321194867	FALSE	FALSE	Signature_13	1.433746276	FALSE	Signature_APOBEC
PD35944a	1	0	0.733214	0.09073505	0	0.17605099	0.215953366	0	0.7292364677	0.3903631012	TRUE	FALSE	Signature_3	1.855217713	TRUE	Signature_3_lc
PD35945a	6	0.2683646555	0.60162523	0	0.05079885	0.07921132	0.202411189	0	0	0.2075432324	FALSE	FALSE	Signature_5.Signature_2.Signature_13	2.47485547863177_1.44580180324131_1.35432643339943	TRUE	Signature_APOBEC
PD35946a	2	0.1747168001	0.725829	0.03433093	0.02963471	0.03548854	0.2888478561	3.321031531	0.6989452363	0.5593617295	TRUE	FALSE	Signature_3.Signature_13	3.32103153084345_0.146496360995372	TRUE	Signature_3_lc
PD35948a	3	0.03284872	0.34938232	0.1776294	0.04577901	0.3943605734	0.19400952	0	0	0.1188243249	FALSE	FALSE	Signature_8.Signature_1.Signature_18	2.43200908272546_0.964350882417486_1.44119910280335	FALSE	Signature_clock
PD35951a	2	0.108831	0.32281713	0.1287163	0.06648754	0.3731480365	0.1158634529	0	0	0.09727564105	FALSE	FALSE	Signature_8.Signature_1.Signature_2.Signature_18.Signature_17	0.915779712938478_0.541689215473878_0.403178716842102_0.358173166469479_0.0694891699190441	FALSE	Signature_clock
PD35953a	5	0.00507544	0.41501913	0.03889824	0.4666809	0.0743263149	0.2148494804	3.664213942	0.8521015335	0.383073685	TRUE	FALSE	Signature_3.Signature_5.Signature_17	3.6642139417371_0.289838188490729_0.327394138655036	FALSE	Signature_3_lc
PD35954a	3	0.04267124	0.34721997	0.1137054	0.03000489	0.4663985307	0.1885431483	1.758310924	0.556576258	0.1317927424	FALSE	FALSE	Signature_3.Signature_1	1.75831092414141_1.69288552592726	FALSE	Signature_clock
PD35955a	3	0.183874929	0.68520983	0.03216703	0.06627146	0.03247676	0.225048272	0	0	0.342078933	FALSE	FALSE	Signature_8.Signature_13	1.64717756834997_1.48579184876442	TRUE	Signature_APOBEC
PD35956a	6	0.1962480885	0.42209065	0.06785162	0.02456668	0.2892429035	0.2967359949	0	0	0.2382587383	FALSE	FALSE	Signature_8.Signature_1.Signature_5.Signature_13	3.14807170587305_1.00623988152643_0.629341141505239_1.84653419353555	FALSE	Signature_clock
PD35957a	3	0.12577524	0.6659302	0.0338167	0.13690527	0.03757259	0.2195034258	1.969719406	0.9892337334	0.3395743693	FALSE	FALSE	Signature_3.Signature_2	1.96971940629029_1.72898323540508	TRUE	Signature_17
PD35958a	4	0	0.62525612	0.07498098	0.1667245	0.1330384233	0.1845066384	2.075632748	0.6244642943	0.3278158348	FALSE	FALSE	Signature_3.Signature_8.Signature_5.Signature_17	2.07563274778405_0.501713415959256_0.738933286468172_0.0553395618292756	TRUE	Signature_17
PD35959a	4	0.5202595689	0.24632242	0.03762185	0.1190672	0.07672896	0.08333885586	0	0	0.05891764803	FALSE	FALSE	Signature_8.Signature_5.Signature_2.Signature_18.Signature_17	0.131563622726865_0.155982703666869_1.94848156066575_0.163744863442908_0.037234408476917	FALSE	Signature_APOBEC
PD35960a	6	0.004758592	0.214110879	0.1076143	0.39667059	0.2768456095	0.2330774176	1.901112318	0.4743200822	0.1327419297	FALSE	FALSE	Signature_3.Signature_8.Signature_1.Signature_17	1.90111231845123_0.792857378167109_2.77494309296033_0.833090135427626	FALSE	Signature_17
PD35961a	1	0.06949696	0.35361132	0.1203734	0.1269638	0.3295545812	0.03875995701	0	0	0.1154077138	FALSE	FALSE	Signature_8	0.5012309105	FALSE	Signature_clock
PD35962a	5	0.3342051775	0.37364821	0.05725999	0.02604567	0.2088409186	0.2347324699	0	0	0.1066259902	FALSE	FALSE	Signature_1.Signature_5.Signature_2.Signature_13.Signature_18	1.24780910489025_1.68019256140707_0.481215222649335_1.55018374248569_0.284790906718617	FALSE	Signature_APOBEC
PD35964a	3	0.04248484	0.6247916	0.09634191	0.03990677	0.1964749242	0.1795654188	1.079716381	0.6921801694	0.2516725858	FALSE	FALSE	Signature_3.Signature_13.Signature_18	1.07971638148508_0.0861741145193081_1.61732981556558	TRUE	Signature_clock
PD35965a	3	0.02933691	0.08505064	0.04912321	0.8164533	0.020036	0.1261036685	0	0	0.07311323897	FALSE	FALSE	Signature_2.Signature_17	1.60849957198305_2.83182473527323	FALSE	Signature_17
PD35966a	3	0.04107106	0.49482635	0.1100396	0.04170878	0.312354226	0.2088820748	1.221191881	0.4655653657	0.1433058945	FALSE	FALSE	Signature_3.Signature_8.Signature_5	1.22119188091183_1.45814123945951_0.702847929073647	FALSE	Signature_clock
PD35967a	9	0.9611453631	0.0388183207	0	2.33E-05	1.31E-05	0.1641701823	0	0	0.06139412829	FALSE	FALSE	Signature_2.Signature_13.Signature_18	6.59840485890383_2.74082711999847_3.30404053120403	FALSE	Signature_APOBEC
PD35968a	8	0.002282368	0.74124795	0.06041139	0.1533358	0.0427224576	0.247144291	4.927381142	0.5293836149	0.6535667339	TRUE	TRUE	Signature_3.Signature_18.Signature_17	4.92738114228082_1.56823694882806_0.50823963487755	TRUE	Signature_3_hc
PD35972a	3	0.2438062027	0.55216085	0	0.06469458	0.13933839	0.2007683609	1.677075737	0.5775160813	0.1401781975	FALSE	FALSE	Signature_3.Signature_2	1.67707573711279_1.74748174082045	TRUE	Signature_APOBEC
PD35975a	7	0.0995871	0.10035408	0.1005291	0.01046237	0.6890673607	0.2104549841	0	0	0.1597091916	FALSE	FALSE	Signature_1.Signature_5.Signature_2	2.03467875545442_5.53960142752417_1.0108806904357	FALSE	Signature_clock
PD35977a	2	0.02442131	0.3612501	0.05937234	0.3757005	0.1792558263	0.06806143266	0.2234168359	0.6626177757	0.2413497406	FALSE	FALSE	Signature_3.Signature_5.Signature_17	0.223416835921337_0.698819317425806_0.0452168756021389	FALSE	Signature_17
PD35979a	3	0.6527293663	0.29252304	0	0.01995348	0.03479412	0.157418426	0	0	0.07097203693	FALSE	FALSE	Signature_5.Signature_2.Signature_13.Signature_18	1.2480570071407_0.00253062799366256_1.50498519701504_0.156469374104188	FALSE	Signature_APOBEC
PD35980a	4	0.02967836	0.43268371	0.1192748	0.01779247	0.400570663	0.2109406222	1.801309104	0.6070658084	0.1282910492	FALSE	FALSE	Signature_3.Signature_1.Signature_5	1.80130910436161_1.46898632103636_1.11642400613241	FALSE	Signature_clock
PD35981a	1	0.3529287037	0.2840266	0.08262698	0.08357252	0.19684513	0.1292795667	0	0	0.07000066867	FALSE	FALSE	Signature_5.Signature_2	1.11414158882416_0.396228533166189	FALSE	Signature_APOBEC
PD35982a	1	0.462947327	0.42212799	0	0.07939466	0.03553009	0.1182013362	0	0	0.1321194867	FALSE	FALSE	Signature_13	1.433746276	FALSE	Signature_APOBEC
PD35984a	3	0	0.81073301	0.06355217	0.02468208	0.1010326858	0.2485831479	0	0.8216585366	0.5632988007	TRUE	FALSE	Signature_3	3.69885422	TRUE	Signature_3_lc
PD35985a	13	0.0182029518	0.98070156	0.000166683	0.0004019317	0.000526837	0.3610884882	5.880327705	0.827387842	0.9003903221	TRUE	TRUE	Signature_3.Signature_13.Signature_18	5.88032770476422_5.85357570249891_0.129899021185089	TRUE	Signature_3_hc
PD35986a	4	0.04556047	0.7631732	0.05387282	0	0.1373935197	0.2566537008	4.344543855	0.6824834039	0.5981250398	TRUE	FALSE	Signature_3.Signature_13	4.34454385530446_0.0507295139203853	TRUE	Signature_3_lc
PD35987a	7	0.002270595	0.44316526	0.01979504	0.51908482	0.0156842149	0.3052151203	6.617770024	0.6918903707	0.6477283702	TRUE	TRUE	Signature_3.Signature_17	6.61777002422247_1.81165857461491	FALSE	Signature_3_hc
PD35988a	1	0.08250406	0.35350857	0.1097839	0.06146587	0.3927376012	0.0990185596	0	0	0.1145704918	FALSE	FALSE	Signature_5	1.462970722	FALSE	Signature_clock
PD35990a	1	0.06307492	0.37388498	0.08210769	0.18370177	0.2972306894	0.06091125927	0	0	0.1201631381	FALSE	FALSE	Signature_5.Signature_17	0.645977312171102_0.0300877585795807	FALSE	Signature_clock
PD35991a	7	0.02396941	0.53826031	0.1627389	0.222061	0.05297034	0.2600699916	3.523981966	0.9150770566	0.3992846042	TRUE	FALSE	Signature_3.Signature_1.Signature_2.Signature_13.Signature_17	3.52398196578775_0.102183927056747_0.0652436857222399_0.149964969148326_3.02192987904724	TRUE	Signature_3_lc
PD35992a	5	0.1244100758	0.6261976	0.05727224	0.02834778	0.163772309	0.2282383599	0	0	0.278363832	FALSE	FALSE	Signature_5.Signature_13	4.09650562994136_1.32509425210687	TRUE	Signature_clock
PD35993a	4	0.06679129	0.6748772	0.06875772	0.05057011	0.1390036551	0.3137370639	1.125930334	0.4755467963	0.5166283427	TRUE	FALSE	Signature_3.Signature_13.Signature_18	1.12593033369622_1.43990583953303_2.635689048976	TRUE	Signature_3_lc
PD35995a	6	0.5539552326	0.32028325	0.02481022	0	0.1009512788	0.278530057	0	0	0.1377493781	FALSE	FALSE	Signature_5.Signature_2.Signature_13	5.79190126852511_0.323105410788244_1.76715731244787	FALSE	Signature_APOBEC
PD35996a	7	0.01930083	0.66752512	0.03447099	0.17671346	0.1019895263	0.2624656902	2.879205566	0.5974950883	0.4727628838	TRUE	FALSE	Signature_3.Signature_5.Signature_2	2.87920556624974_2.33286490576201_1.56816382956417	TRUE	Signature_3_lc
PD35997a	3	0.2223057013	0.15305465	0.0419426	0.5273056	0.05539146	0.1406155145	0.3501003459	0.5012806321	0.0647713714	FALSE	FALSE	Signature_3.Signature_5.Signature_2.Signature_17	0.350100345936972_0.646629530609457_1.36425487129763_0.275280979511677	FALSE	Signature_17
PD35998a	4	0.4241978111	0.55025349	0	0.007538385	0.01801033	0.1979031941	0	0	0.1554954812	FALSE	FALSE	Signature_1.Signature_13	1.49428240271361_2.91085917252383	TRUE	Signature_APOBEC
PD35999a	4	0.2246517153	0.72152489	0.02223122	0.01413425	0.01745793	0.3532495778	3.662784908	0.3292962601	0.7062920614	TRUE	TRUE	Signature_3.Signature_13.Signature_18	3.66278490841799_1.85502234201686_0.0249012853966842	TRUE	Signature_3_hc
PD36000a	2	0	0.27573672	0.05490076	0.5164744	0.152888162	0.04172562591	0.4169248643	0.4585927228	0.1569778555	FALSE	FALSE	Signature_3.Signature_5.Signature_17	0.416924864340535_0.0015088088093235_0.128831015645433	FALSE	Signature_17
PD36001a	1	0.08896973	0.21098954	0.1214988	0.05918198	0.5193599423	0.05653303558	0	0	0.09255345928	FALSE	FALSE	Signature_1	1.605942547	FALSE	Signature_clock
PD36002a	4	0.01932131	0.47631419	0.07147635	0.1073185	0.3255695817	0.1684308914	1.927293056	0.4914299051	0.1563220054	FALSE	FALSE	Signature_3.Signature_1.Signature_5.Signature_17	1.92729305557546_1.34669258014486_0.117865682661151_0.0538079278253997	FALSE	Signature_clock
PD36003a	5	0.05920417	0.6469643	0.06722069	0.11206905	0.1145418091	0.2142783031	2.018615512	0.6217236166	0.3083152618	FALSE	FALSE	Signature_3.Signature_8.Signature_2	2.01861551160364_0.912061940357286_1.70357853775886	TRUE	Signature_clock
PD36004a	7	0.1047405	0.7789688	0.03305429	0.01912461	0.06411187	0.3022186493	4.294013234	0.7586719362	0.6531651733	TRUE	TRUE	Signature_3.Signature_8.Signature_1.Signature_2.Signature_13	4.29401323358501_0.0314510379637539_1.42985763238445_0.418564432028965_1.04942418911263	TRUE	Signature_3_hc
PD36005a	1	0.06761252	0.33273564	0.08243105	0.18637145	0.3308493804	0.04442659866	0	0	0.1104739784	FALSE	FALSE	Signature_5	0.6600594888	FALSE	Signature_clock
PD36006a	3	0.08562993	0.6645545	0.07930777	0.04486362	0.1256442996	0.3063151118	0.8396222681	0.459261027	0.4691706958	TRUE	FALSE	Signature_3.Signature_8.Signature_13	0.839622268132233_1.97129591472896_1.5139290400628	TRUE	Signature_3_lc
PD36007a	10	0.005539914	0.62948836	0.1151232	0.1471116	0.1027368843	0.2959389791	3.256442738	0.5463999501	0.5161023735	TRUE	FALSE	Signature_3.Signature_1.Signature_5.Signature_2.Signature_17	3.25644273830369_0.306487874883304_3.69442581624132_1.4467078789478_0.701182413119191	TRUE	Signature_3_lc
PD36008a	4	0.01934596	0.32405834	0.1434402	0.08734694	0.425808548	0.1367124325	0.4959562416	0.5127516617	0.1202741313	FALSE	FALSE	Signature_3.Signature_1.Signature_5.Signature_17	0.495956241633971_1.23326562357631_1.23966663379515_0.108645312846788	FALSE	Signature_clock
PD36009a	6	0.0690486448	0.87670249	0.01452412	0.008253038	0.031471733	0.3226959655	5.600882794	0.9415989848	0.7924044968	TRUE	TRUE	Signature_3.Signature_2	5.60088279392622_1.58657336348075	TRUE	Signature_3_hc
PD36010a	13	0.00825282	0.98000855	0.00567612	0.003062255	0.0030002917	0.2959481875	5.843520245	0.266782829	0.795974712	TRUE	TRUE	Signature_3.Signature_8.Signature_2.Signature_13	5.84352024519985_0.196458627118917_0.849298770475455_3.44358334591561	TRUE	Signature_3_hc
PD36011a	3	0.02881407	0.55556264	0.1407295	0.06725717	0.2076366484	0.181135164	1.18876418	0.4242814875	0.1680977308	FALSE	FALSE	Signature_3.Signature_8	1.1887641800075_1.67517927765773	TRUE	Signature_clock
PD36013a	12	0.0005701133	0.961253033	0.01873793	0.001684721	0.0177542591	0.4061536866	10.34269749	0.9001336901	0.9448187829	TRUE	TRUE	Signature_3.Signature_8.Signature_13	10.3426974891104_0.806249542587291_0.793093540008045	TRUE	Signature_3_hc
PD36014a	1	0	0.55609394	0.08510036	0.15896125	0.1998444404	0.169309845	0	0.674942396	0.2380870757	FALSE	FALSE	Signature_3	1.454511357	TRUE	Signature_clock
PD36015a	2	0.05437278	0.37155608	0.1223182	0.06051484	0.3912380622	0.1689773275	0	0	0.1184750613	FALSE	FALSE	Signature_18	2.595687008	FALSE	Signature_clock
PD36016a	1	0.4407234801	0.42869548	0	0.08877402	0.04180706	0.2369723041	0	0	0.1468036285	FALSE	FALSE	Signature_13	1.662955713	FALSE	Signature_APOBEC
PD36017a	4	0.04319479	0.33630842	0.08708415	0.1067983	0.4266143717	0.1585915803	0	0	0.1155478064	FALSE	FALSE	Signature_1.Signature_5.Signature_2	0.0359187780384095_4.15762236742421_0.300376365661452	FALSE	Signature_clock
PD36018a	4	0.05986814	0.38019109	0.03129647	0.38339024	0.1452540722	0.1286384315	0	0	0.1215907137	FALSE	FALSE	Signature_5.Signature_2.Signature_17	1.40672415591615_1.73851160375789_0.102936500455956	FALSE	Signature_17
PD36019a	3	0.195787272	0.56797264	0	0.1199965	0.1162436	0.1541188618	0.9584053563	0.844111006	0.2417610465	FALSE	FALSE	Signature_3.Signature_2	0.958405356266226_1.78020622955076	TRUE	Signature_APOBEC
PD36020a	3	0.1660058374	0.41055344	0.1002404	0.06650378	0.2566965478	0.1180200252	0	0	0.1158083838	FALSE	FALSE	Signature_5.Signature_2	1.71405687673966_0.901642599936886	FALSE	Signature_clock
PD36021a	3	0.01888491	0.4375113	0.09939568	0.2323387	0.211869388	0.1574742896	0.3849711602	0.477471226	0.1636415957	FALSE	FALSE	Signature_3.Signature_8.Signature_5.Signature_17	0.38497116021417_1.19200044902844_0.902075873925044_0.213996280189348	FALSE	Signature_17
PD36022a	4	0.02451889	0.29925846	0.1321885	0.02332752	0.5207066926	0.2098123896	0	0	0.1016441365	FALSE	FALSE	Signature_8.Signature_1.Signature_5	2.48799719761096_0.783511681040155_2.48250435338438	FALSE	Signature_clock
PD36023a	1	0	0.4023199	0.08518358	0.3373537	0.1751427703	0.1280448376	0.8181701404	0.4742811914	0.157168956	FALSE	FALSE	Signature_3.Signature_17	0.818170140405746_0.409009546544472	FALSE	Signature_17
PD36024a	9	0.03694583	0.8061073	0.04017526	0.08333623	0.03343536	0.4031449248	7.999705392	0.5556643091	0.9274186084	TRUE	TRUE	Signature_3.Signature_8.Signature_2.Signature_13	7.9997053922493_0.725556409170898_1.0277250631357_0.752675211048139	TRUE	Signature_3_hc
PD36025a	8	0.001993938	0.94451099	0.02202853	0.001921395	0.0295452003	0.3515286281	8.101276371	0.931659905	0.9219254791	TRUE	TRUE	Signature_3.Signature_1.Signature_2.Signature_18	8.10127637140775_0.390271878219439_0.158911530492808_0.0871042305574402	TRUE	Signature_3_hc
PD36026a	4	0.1519447325	0.61884339	0.05591675	0.04358466	0.1297104883	0.2306366419	0	0	0.2369384112	FALSE	FALSE	Signature_8.Signature_13.Signature_18	3.34485216344839_1.38956262248694_0.268773279115054	TRUE	Signature_APOBEC
PD36027a	2	0.05192049	0.30319084	0.1695343	0.05155093	0.4238033629	0.1065682118	0	0	0.1063419029	FALSE	FALSE	Signature_8.Signature_1	1.75445906349621_1.32211749745685	FALSE	Signature_clock
PD36029a	8	0.0744472	0.7906414	0.03692354	0.01437113	0.08361676	0.3532821662	0	0	0.8273440534	TRUE	TRUE	Signature_8.Signature_1.Signature_5.Signature_13	4.95196930446726_0.459512866407741_1.37997227557419_3.14418302185841	TRUE	Signature_3_hc
PD36031a	9	0.9682484821	0.03069830256	0	0.00046703963	0.000586209	0.1604327895	0	0	0.06387857847	FALSE	FALSE	Signature_5.Signature_2	0.203881166250542_9.75953062190846	FALSE	Signature_APOBEC
PD36033a	3	0.3910787394	0.53847379	0	0.03074678	0.03970066	0.2059708995	0.1015569282	0.5079453486	0.1950357264	FALSE	FALSE	Signature_3.Signature_5.Signature_13	0.101556928194443_1.2994593751602_1.47775258100361	TRUE	Signature_APOBEC
PD36034a	7	0.05037747	0.7033758	0.02903935	0.17992445	0.03728295	0.2916796338	3.597058551	0.5467154798	0.6111430235	TRUE	TRUE	Signature_3.Signature_5.Signature_2.Signature_13.Signature_17	3.59705855121182_0.0813991881400339_1.43915041721268_1.3192365046937_0.277916061702596	TRUE	Signature_3_hc
PD36036a	1	0.0452644	0.49112606	0.1106955	0.14622836	0.2066856091	0.1121494193	0.21343482	0.4846971667	0.1413582973	FALSE	FALSE	Signature_3.Signature_8	0.213434819978748_0.834009855535641	FALSE	Signature_clock
PD36037a	7	0.02748277	0.7922926	0.07288422	0.01793271	0.0894076375	0.2865663547	0.3057798887	0.5065088299	0.6373655059	TRUE	TRUE	Signature_3.Signature_8.Signature_13.Signature_18	0.305779888667156_4.5442728544148_1.30718294716611_0.481658334407416	TRUE	Signature_3_hc
PD36038a	8	0.127338436	0.71420354	0.05274617	0.02359968	0.0821122572	0.3472509583	2.786387851	0.515538414	0.6652545402	TRUE	TRUE	Signature_3.Signature_2.Signature_13.Signature_18	2.78638785135577_1.3440078714378_1.56801799735606_2.86965194606814	TRUE	Signature_3_hc
PD36039a	7	0.2485669316	0.67759129	0.01393284	0.045232876	0.01467613	0.3961774007	5.827886462	0.5175946572	0.8289179108	TRUE	TRUE	Signature_3.Signature_13.Signature_18.Signature_17	5.82788646238804_3.00291657856033_0.0542758195965912_0.687785051614404	TRUE	Signature_3_hc
PD36040a	1	0.09365496	0.20892219	0.1198798	0.05739569	0.5201473473	0.03240580568	0	0	0.09255345928	FALSE	FALSE	Signature_1	1.636123312	FALSE	Signature_clock
PD36041a	4	0.01425772	0.47528866	0.1039443	0.23256594	0.1739434515	0.2564322745	1.546584836	0.4766661109	0.2609005533	FALSE	FALSE	Signature_3.Signature_5.Signature_17	1.54658483641305_3.33386005865395_0.187162031836812	FALSE	Signature_17
PD36042a	7	9.63E-08	2.23E-05	5.84E-05	0.99991895	2.77E-07	0.1711680048	0	0	0.1295879283	FALSE	FALSE	Signature_13.Signature_17	1.21099626809997_9.44885346969229	FALSE	Signature_17
PD36043a	4	0.1672567524	0.5856258	0.06055831	0.02846112	0.1580979696	0.241346367	2.710987688	0.6034772026	0.3307607494	FALSE	FALSE	Signature_3.Signature_5.Signature_13	2.71098768782095_1.04340771837982_1.17750359724945	TRUE	Signature_APOBEC
PD36044a	8	0.8664098051	0.1335508354	0	2.01E-05	1.92E-05	0.3596711883	1.985801805	0.418958349	0.1904893331	FALSE	FALSE	Signature_3.Signature_2.Signature_13	1.9858018053724_0.616090983999708_7.09186583862206	FALSE	Signature_APOBEC
PD36046a	4	0.02400673	0.59209413	0.07966904	0.21589285	0.0883373144	0.2278123784	3.302485031	0.5115346523	0.3880174231	TRUE	FALSE	Signature_3.Signature_8.Signature_13.Signature_17	3.3024850312344_0.479066745458589_0.0989820706661542_0.077911352996373	TRUE	Signature_3_lc
PD36047a	9	0.0007179779	0.733317604	0.05816821	0.10770189	0.1000942281	0.2326054491	0	0	0.4129773551	TRUE	FALSE	Signature_8.Signature_5	0.394375877163439_8.59072393352561	TRUE	Signature_3_lc
PD36048a	3	0.08526395	0.17414459	0.1397008	0.03303329	0.5678573118	0.1703742183	0	0	0.08285112879	FALSE	FALSE	Signature_1.Signature_2.Signature_18.Signature_17	1.89750362122066_0.279984209271864_1.92072774430469_0.203183032196433	FALSE	Signature_clock
PD36049a	3	0.02794039	0.35873739	0.164494	0.08415219	0.3646761395	0.1145517047	0	0	0.1156984407	FALSE	FALSE	Signature_8.Signature_1	1.88682888372132_1.29157241333152	FALSE	Signature_clock
PD36050a	2	0	0.75842109	0.05964671	0.05131442	0.1306178148	0.1284088119	0	0.794666039	0.4458742633	TRUE	FALSE	Signature_3	1.560072315	TRUE	Signature_3_lc
PD36051a	1	0.07079756	0.40410744	0.1233907	0.09197131	0.3097329956	0.04290263077	0	0	0.1173409736	FALSE	FALSE	Signature_8	0.4144609574	FALSE	Signature_clock
PD36052a	3	0.01782078	0.62939044	0.07098127	0.03481007	0.2469972952	0.1521379382	0	0	0.2132747094	FALSE	FALSE	Signature_5	2.85013686	TRUE	Signature_clock
PD36053a	1	0.4598310693	0.25259263	0.05523019	0.15106406	0.08128201	0.0747349045	0	0	0.05789869189	FALSE	FALSE	Signature_8.Signature_2.Signature_17	0.0922866693741642_0.97407829063604_0.00654841009117518	FALSE	Signature_APOBEC
PD36054a	1	0.4598310693	0.25259263	0.05523019	0.15106406	0.08128201	0.0747349045	0	0	0.05789869189	FALSE	FALSE	Signature_8.Signature_2.Signature_17	0.0922866693741642_0.97407829063604_0.00654841009117518	FALSE	Signature_APOBEC
PD36055a	4	0.02944582	0.21776363	0.158294	0.05935342	0.5351431858	0.0512428786	0	0	0.08493141149	FALSE	FALSE	Signature_1.Signature_5.Signature_18	1.49410917340872_0.441684228046159_0.479136814560596	FALSE	Signature_clock
PD36056a	4	0.3418301458	0.5993847	0	0.02100525	0.03777987	0.2285630918	1.125803402	0.5337965749	0.2188178174	FALSE	FALSE	Signature_3.Signature_5.Signature_2.Signature_13	1.12580340173811_0.986609210223291_0.603492855563045_1.19897574780538	TRUE	Signature_APOBEC
PD36057a	2	0.05176357	0.42000796	0.1108582	0.12000124	0.2973690406	0.1647790308	0.9944412988	0.6842778354	0.139021241	FALSE	FALSE	Signature_3.Signature_1.Signature_18.Signature_17	0.994441298754495_1.38107818879635_0.118910435876473_0.0642796371897095	FALSE	Signature_clock
PD36058a	7	0.5734380913	0.418444373	0	0.001816983	0.006300476	0.3192106851	0	0	0.3569504575	FALSE	FALSE	Signature_5.Signature_13	2.82175977722379_4.80722041474324	FALSE	Signature_APOBEC
PD36060a	5	0.04689064	0.6916652	0.08553319	0.01924507	0.1566659031	0.3231232586	1.180920183	0.6906221456	0.6154973468	TRUE	TRUE	Signature_3.Signature_1.Signature_13.Signature_18	1.18092018308326_0.873920554515342_1.3925987828456_2.94333357052151	TRUE	Signature_3_hc
PD36063a	3	0.02987778	0.45201594	0.09765402	0.09973143	0.320720821	0.1571137296	0	0	0.1481382625	FALSE	FALSE	Signature_8.Signature_5	1.64747466001375_1.09919903338892	FALSE	Signature_clock
PD36064a	5	0.03863433	0.23953157	0.07979217	0.47788166	0.1641602168	0.1643335931	0.9828882282	0.5046361772	0.1045076824	FALSE	FALSE	Signature_3.Signature_5.Signature_2	0.982888228223959_1.86806369878215_0.858857237294064	FALSE	Signature_17
PD36066a	2	0.6211880792	0.3052562	0	0.04487876	0.02867694	0.1749954246	0	0	0.07685674591	FALSE	FALSE	Signature_5.Signature_2.Signature_13.Signature_17	0.84735503645638_0.0212019393193101_1.49104180767181_0.01079225270818	FALSE	Signature_APOBEC
PD36067a	3	0.1494807	0.36648331	0.06361272	0.1480437	0.27237961	0.1306742301	0	0	0.1101454319	FALSE	FALSE	Signature_5.Signature_2	2.03888631260979_0.863990588366727	FALSE	Signature_clock
PD36068a	1	0	0.44279538	0.132828	0.19036876	0.2340078286	0.08800685554	0	0	0.1321067783	FALSE	FALSE	Signature_8	1.007788299	FALSE	Signature_clock
PD36069a	3	0.05396144	0.18772601	0.120581	0.02377053	0.6139609845	0.2021409821	0	0	0.07979755989	FALSE	FALSE	Signature_1.Signature_5	0.993195629935495_3.72061967477389	FALSE	Signature_clock
PD36070a	2	0.05964863	0.35293078	0.1297873	0.04663729	0.41099609	0.1615130601	0	0	0.117876367	FALSE	FALSE	Signature_5	2.603023172	FALSE	Signature_clock
PD36071a	2	0.7712013379	0.15914512	0	0.04738383	0.02226968	0.06543395344	0	0	0.0589163055	FALSE	FALSE	Signature_2	3.651271505	FALSE	Signature_APOBEC
PD36073a	1	0.4598310693	0.25259263	0.05523019	0.15106406	0.08128201	0.0747349045	0	0	0.05789869189	FALSE	FALSE	Signature_8.Signature_2.Signature_17	0.0922866693741642_0.97407829063604_0.00654841009117518	FALSE	Signature_APOBEC
